{"cameraMode":{"drawMode":0,"name":"Shaded","section":"Shading Mode"},"sceneLighting":true,"audioPlay":false,"sceneViewState":{"showFog":true,"showMaterialUpdate":false,"showSkybox":true,"showFlares":true,"showImageEffects":true,"showParticleSystems":true},"in2DMode":false,"pivot":{"x":3.444309711456299,"y":4.2318572998046879,"z":-7.266853332519531},"rotation":{"x":0.17013098299503327,"y":-0.20672501623630525,"z":0.03652859479188919,"w":0.9628045558929443},"size":4.701316833496094,"orthographic":false}