{"cameraMode":{"drawMode":0,"name":"Shaded","section":"Shading Mode"},"sceneLighting":true,"audioPlay":false,"sceneViewState":{"showFog":false,"showMaterialUpdate":false,"showSkybox":true,"showFlares":true,"showImageEffects":true,"showParticleSystems":true},"in2DMode":false,"pivot":{"x":-537.9458618164063,"y":626.935302734375,"z":1226.574951171875},"rotation":{"x":-0.0322793610394001,"y":-0.9586647748947144,"z":0.25543448328971865,"w":-0.12114661186933518},"size":1.1312885284423829,"orthographic":false}