{"cameraMode":{"drawMode":0,"name":"Shaded","section":"Shading Mode"},"sceneLighting":true,"audioPlay":false,"sceneViewState":{"showFog":true,"showMaterialUpdate":false,"showSkybox":true,"showFlares":true,"showImageEffects":true,"showParticleSystems":true},"in2DMode":false,"pivot":{"x":-1005.6888427734375,"y":-415.505859375,"z":-468.41864013671877},"rotation":{"x":-0.25265416502952578,"y":-0.15649870038032533,"z":0.041417982429265979,"w":-0.9539602398872376},"size":166.45297241210938,"orthographic":false}