{"cameraMode":{"drawMode":0,"name":"Shaded","section":"Shading Mode"},"sceneLighting":true,"audioPlay":false,"sceneViewState":{"showFog":false,"showMaterialUpdate":false,"showSkybox":true,"showFlares":true,"showImageEffects":true,"showParticleSystems":true},"in2DMode":false,"pivot":{"x":-811.209228515625,"y":451.2212219238281,"z":1193.344482421875},"rotation":{"x":-0.01947474293410778,"y":-0.9508590698242188,"z":0.30290764570236208,"w":-0.061132751405239108},"size":90.03105926513672,"orthographic":false}