{"cameraMode":{"drawMode":0,"name":"Shaded","section":"Shading Mode"},"sceneLighting":true,"audioPlay":false,"sceneViewState":{"showFog":false,"showMaterialUpdate":false,"showSkybox":true,"showFlares":true,"showImageEffects":true,"showParticleSystems":true},"in2DMode":false,"pivot":{"x":6390.12841796875,"y":-202.59375,"z":5340.28564453125},"rotation":{"x":0.32201096415519717,"y":0.36878228187561037,"z":-0.13792850077152253,"w":0.8609844446182251},"size":6904.837890625,"orthographic":false}