{"cameraMode":{"drawMode":0,"name":"Shaded","section":"Shading Mode"},"sceneLighting":true,"audioPlay":false,"sceneViewState":{"showFog":false,"showMaterialUpdate":false,"showSkybox":true,"showFlares":true,"showImageEffects":true,"showParticleSystems":true},"in2DMode":false,"pivot":{"x":1288.52001953125,"y":0.1953125,"z":7296.1982421875},"rotation":{"x":0.1209818571805954,"y":-0.8640231490135193,"z":0.24835816025733949,"w":0.4208889603614807},"size":5304.00830078125,"orthographic":false}