{"cameraMode":{"drawMode":0,"name":"Shaded","section":"Shading Mode"},"sceneLighting":true,"audioPlay":false,"sceneViewState":{"showFog":false,"showMaterialUpdate":false,"showSkybox":true,"showFlares":true,"showImageEffects":true,"showParticleSystems":true},"in2DMode":false,"pivot":{"x":0.027475282549858094,"y":6.54295539855957,"z":-4.10936164855957},"rotation":{"x":-0.3851759731769562,"y":0.002222350100055337,"z":-0.000926536915358156,"w":-0.9228443503379822},"size":0.9817721247673035,"orthographic":false}